{"stats":{"minecraft:crafted":{"minecraft:stone_sword":1,"minecraft:oak_planks":20,"minecraft:crafting_table":1,"minecraft:stone_axe":1,"minecraft:stick":8,"minecraft:wooden_pickaxe":1,"minecraft:stone_pickaxe":1},"minecraft:custom":{"minecraft:time_since_rest":4677,"minecraft:crouch_one_cm":2523,"minecraft:play_time":4677,"minecraft:sprint_one_cm":3249,"minecraft:walk_one_cm":5252,"minecraft:sneak_time":418,"minecraft:jump":32,"minecraft:time_since_death":4677,"minecraft:total_world_time":4677,"minecraft:interact_with_crafting_table":4,"minecraft:fall_one_cm":209,"minecraft:fly_one_cm":7055},"minecraft:used":{"minecraft:stone_axe":3,"minecraft:crafting_table":1,"minecraft:stone_pickaxe":29,"minecraft:wooden_pickaxe":4},"minecraft:picked_up":{"minecraft:raw_iron":1,"minecraft:crafting_table":1,"minecraft:oak_log":5,"minecraft:cobblestone":32},"minecraft:mined":{"minecraft:oak_log":5,"minecraft:iron_ore":1,"minecraft:stone":32,"minecraft:oak_leaves":2,"minecraft:crafting_table":1}},"DataVersion":3465}