{"stats":{"minecraft:crafted":{"minecraft:cooked_beef":2,"minecraft:oak_planks":80,"minecraft:crafting_table":2,"minecraft:wooden_pickaxe":1,"minecraft:iron_sword":1,"minecraft:furnace":3,"minecraft:bucket":1,"minecraft:stone_axe":1,"minecraft:air":0,"minecraft:iron_boots":1,"minecraft:iron_chestplate":1,"minecraft:shield":1,"minecraft:stick":20,"minecraft:iron_ingot":21,"minecraft:iron_pickaxe":1,"minecraft:stone_pickaxe":1,"minecraft:stone_sword":1,"minecraft:torch":16},"minecraft:custom":{"minecraft:interact_with_furnace":9,"minecraft:mob_kills":10,"minecraft:interact_with_crafting_table":9,"minecraft:leave_game":1,"minecraft:time_since_death":32847,"minecraft:climb_one_cm":1670,"minecraft:time_since_rest":32847,"minecraft:sprint_one_cm":57465,"minecraft:damage_taken":422,"minecraft:walk_one_cm":65682,"minecraft:damage_blocked_by_shield":205,"minecraft:drop":1,"minecraft:damage_dealt":1796,"minecraft:swim_one_cm":21159,"minecraft:fly_one_cm":82698,"minecraft:open_chest":1,"minecraft:crouch_one_cm":8063,"minecraft:play_time":32847,"minecraft:sneak_time":2022,"minecraft:walk_under_water_one_cm":7515,"minecraft:jump":617,"minecraft:walk_on_water_one_cm":20228,"minecraft:total_world_time":32847,"minecraft:fall_one_cm":14343},"minecraft:used":{"minecraft:water_bucket":15,"minecraft:stone_sword":30,"minecraft:stone_pickaxe":133,"minecraft:wooden_pickaxe":4,"minecraft:shield":3,"minecraft:iron_sword":17,"minecraft:torch":5,"minecraft:crafting_table":2,"minecraft:big_dripleaf":1,"minecraft:melon_slice":28,"minecraft:iron_pickaxe":13,"minecraft:stone_axe":30,"minecraft:cobblestone":15,"minecraft:furnace":2,"minecraft:bucket":16},"minecraft:dropped":{"minecraft:stone_pickaxe":1},"minecraft:killed":{"minecraft:skeleton":1,"minecraft:zombie":5,"minecraft:chicken":1,"minecraft:axolotl":1,"minecraft:cow":2},"minecraft:picked_up":{"minecraft:cocoa_beans":4,"minecraft:crafting_table":2,"minecraft:chicken":1,"minecraft:clay_ball":4,"minecraft:leather":2,"minecraft:oak_log":20,"minecraft:lapis_lazuli":8,"minecraft:moss_carpet":3,"minecraft:bone":2,"minecraft:wheat_seeds":2,"minecraft:raw_gold":5,"minecraft:stone_pickaxe":1,"minecraft:beef":2,"minecraft:azalea":1,"minecraft:moss_block":6,"minecraft:melon_slice":46,"minecraft:furnace":2,"minecraft:raw_iron":34,"minecraft:big_dripleaf":1,"minecraft:torch":2,"minecraft:arrow":1,"minecraft:rotten_flesh":3,"minecraft:tropical_fish":5,"minecraft:granite":1,"minecraft:glow_berries":2,"minecraft:coal":53,"minecraft:cobblestone":47},"minecraft:mined":{"minecraft:jungle_leaves":1,"minecraft:clay":1,"minecraft:crafting_table":2,"minecraft:torch":2,"minecraft:cave_vines_plant":1,"minecraft:granite":1,"minecraft:melon":9,"minecraft:tall_grass":2,"minecraft:cobblestone":2,"minecraft:lapis_ore":1,"minecraft:moss_block":7,"minecraft:big_dripleaf":1,"minecraft:furnace":2,"minecraft:iron_ore":34,"minecraft:grass":3,"minecraft:coal_ore":54,"minecraft:oak_log":20,"minecraft:cave_vines":1,"minecraft:vine":1,"minecraft:cocoa":3,"minecraft:azalea":1,"minecraft:stone":45,"minecraft:gold_ore":5,"minecraft:oak_leaves":4}},"DataVersion":3465}