{"stats":{"minecraft:crafted":{"minecraft:oak_planks":80,"minecraft:crafting_table":2,"minecraft:stick":12,"minecraft:wooden_pickaxe":1,"minecraft:stone_pickaxe":1,"minecraft:stone_sword":1,"minecraft:furnace":3,"minecraft:torch":16,"minecraft:stone_axe":1},"minecraft:custom":{"minecraft:time_since_rest":16677,"minecraft:interact_with_furnace":2,"minecraft:sprint_one_cm":30749,"minecraft:damage_taken":200,"minecraft:walk_one_cm":37707,"minecraft:mob_kills":7,"minecraft:drop":1,"minecraft:damage_dealt":1149,"minecraft:swim_one_cm":738,"minecraft:interact_with_crafting_table":5,"minecraft:fly_one_cm":40595,"minecraft:crouch_one_cm":5619,"minecraft:play_time":16677,"minecraft:sneak_time":1281,"minecraft:walk_under_water_one_cm":239,"minecraft:jump":251,"minecraft:walk_on_water_one_cm":3007,"minecraft:time_since_death":16677,"minecraft:total_world_time":16677,"minecraft:climb_one_cm":855,"minecraft:fall_one_cm":5927},"minecraft:used":{"minecraft:big_dripleaf":1,"minecraft:stone_sword":30,"minecraft:stone_pickaxe":81,"minecraft:melon_slice":10,"minecraft:wooden_pickaxe":4,"minecraft:stone_axe":29,"minecraft:torch":2,"minecraft:crafting_table":2,"minecraft:furnace":2},"minecraft:dropped":{"minecraft:stone_pickaxe":1},"minecraft:killed":{"minecraft:skeleton":1,"minecraft:zombie":3,"minecraft:axolotl":1,"minecraft:cow":2},"minecraft:picked_up":{"minecraft:cocoa_beans":4,"minecraft:crafting_table":1,"minecraft:raw_iron":21,"minecraft:big_dripleaf":1,"minecraft:leather":2,"minecraft:oak_log":20,"minecraft:lapis_lazuli":8,"minecraft:bone":2,"minecraft:arrow":1,"minecraft:rotten_flesh":1,"minecraft:beef":2,"minecraft:stone_pickaxe":1,"minecraft:melon_slice":46,"minecraft:glow_berries":1,"minecraft:coal":25,"minecraft:cobblestone":37},"minecraft:mined":{"minecraft:iron_ore":21,"minecraft:jungle_leaves":1,"minecraft:crafting_table":1,"minecraft:cave_vines_plant":1,"minecraft:oak_log":20,"minecraft:coal_ore":25,"minecraft:melon":9,"minecraft:cocoa":3,"minecraft:vine":1,"minecraft:lapis_ore":1,"minecraft:stone":37,"minecraft:oak_leaves":4,"minecraft:big_dripleaf":1}},"DataVersion":3465}